date,shares
2015-10-28,5575330000
2016-01-28,5544580000
2016-07-28,5388440000
2016-10-26,5332310000
2017-01-09,5257820000
2017-02-01,5246540000
2017-02-08,5246540000
2017-05-03,5165230080
2017-08-02,5165230080
2018-11-13,4745399808
2018-11-14,4745399808
2018-11-16,4745399808
2018-11-19,4745399808
2018-11-21,4745399808
2018-11-22,4745399808
2018-11-28,4745399808
2018-11-29,4745399808
2018-12-05,4745399808
2018-12-06,4745399808
2018-12-07,4745399808
2018-12-09,4745399808
2018-12-10,4745399808
2018-12-11,4745399808
2018-12-12,4745399808
2018-12-14,4745399808
2018-12-16,4745399808
2018-12-17,4745399808
2018-12-19,4745399808
2018-12-21,4745399808
2018-12-30,4745399808
2019-01-05,4745399808
2019-01-07,4745399808
2019-01-09,4745399808
2019-01-10,4729800192
2019-01-12,4729800192
2019-01-14,4729800192
2019-01-16,4729800192
2019-01-20,4729800192
2019-01-22,4729800192
2019-01-24,4729800192
2019-01-25,4729800192
2019-01-28,4729800192
2019-01-30,4729800192
2019-02-07,4715279872
2019-02-15,4715279872
2019-02-17,4715279872
2019-02-20,4715279872
2019-02-28,4715279872
2019-03-07,4715279872
2019-03-10,4715279872
2019-03-14,4715279872
2019-03-17,4715279872
2019-03-26,4715279872
2019-03-29,4715279872
2019-04-01,4715279872
2019-04-05,4715279872
2019-04-09,4715279872
2019-04-14,4715279872
2019-04-17,4715279872
2019-04-21,4715279872
2019-04-29,4715279872
2019-05-02,4607280128
2019-05-05,4601079808
2019-05-07,4601079808
2019-05-09,4601079808
2019-05-11,4601079808
2019-05-12,4601079808
2019-05-13,4601079808
2019-05-19,4601079808
2019-05-20,4601079808
2019-05-22,4601079808
2019-05-23,4601079808
2019-05-28,4601079808
2019-06-01,4601079808
2019-06-03,4601079808
2019-06-05,4601079808
2019-06-06,4601079808
2019-06-10,4601079808
2019-06-11,4601079808
2019-06-12,4601079808
2019-06-17,4601079808
2019-06-19,4601079808
2019-06-21,4601079808
2019-06-23,4601079808
2019-06-24,4601079808
2019-06-26,4601079808
2019-07-05,4563259904
2019-07-06,4601079808
2019-07-10,4502260224
2019-07-11,4646569984
2019-07-12,4567569920
2019-07-13,4601079808
2019-08-01,4531400192
2019-08-02,4519179776
2019-08-07,4768820224
2019-08-08,4652409856
2019-08-09,4618849792
2019-08-10,4519179776
2019-08-30,4443939840
2019-09-02,4449679872
2019-09-04,4519179776
2019-09-06,4422980096
2019-09-09,4423399936
2019-09-11,4519179776
2019-09-20,4482460160
2019-09-21,4519179776
2019-10-04,4481110016
2019-10-08,4519199744
2019-12-23,4443270144
2019-12-24,4443270144
2020-01-07,4486889984
2020-01-08,4451420160
2020-01-09,4433600000
2020-01-11,4454550016
2020-01-12,4384030208
2020-01-31,4375479808
2020-02-07,4426659840
2020-02-08,4375479808
2020-02-12,4349080064
2020-02-13,4375479808
2020-03-09,4317369856
2020-03-10,4375479808
2020-05-05,4334329856
2020-08-03,4283940096
2020-08-04,4275630080
2020-08-28,4275630080
2020-08-31,4275630080
2020-10-22,17102499840
2020-11-03,17001799680
2020-11-26,17001799680
2021-01-07,16823300096
2021-01-29,16788100096
2021-03-17,16181099520
2021-04-14,16389699584
2021-04-23,16986600448
2021-04-25,16685599744
2021-04-27,16788100096
2021-05-04,16687599616
2021-07-30,16530199552
2021-10-12,16530199552
2021-11-02,16406400000
2021-11-05,16464000000
2021-11-06,16406400000
2021-12-03,16507599872
2021-12-04,16406400000
2022-01-10,16334399488
2022-01-31,16319399936
2022-02-04,16596899840
2022-02-05,16319399936
2022-02-11,16319399936
2022-03-04,16351800320
2022-03-05,16319399936
2022-03-15,16764800000
2022-03-17,16319399936
2022-04-01,16614800384
2022-04-02,16347499520
2022-05-04,16185199616
2022-06-09,16267200512
2022-06-13,16185199616
2022-07-29,16243000320
2022-07-30,16185199616
2022-08-01,16070800384
2022-09-02,16070800384
2022-09-15,15918600192
2022-09-16,16380800000
2022-09-17,16070800384
2022-11-01,15908100096
2022-11-04,16612599808
2022-11-05,15965599744
2022-12-06,16036100096
2022-12-07,15908100096
2023-01-04,16526300160
2023-01-06,15908100096
2023-01-19,15836199936
2023-02-05,15821899776
2023-03-18,15903599616
2023-03-21,15821899776
2023-03-30,16135100416
2023-04-01,16063599616
2023-04-06,16002599936
2023-04-07,15915200512
2023-04-25,15851700224
2023-04-27,15821899776
2023-05-04,15924899840
2023-05-06,15821899776
2023-05-09,15728700416
2023-05-10,15728700416
2023-05-11,15728700416
2023-05-13,15818500096
2023-05-16,15728700416
2023-06-15,15783600128
2023-06-16,15728700416
2023-06-23,15818500096
2023-06-24,15728700416
2023-07-05,15838199808
2023-07-06,15945700352
2023-07-07,15728700416
2023-08-22,15634199552
2023-10-10,15634199552
2023-10-11,15634199552
2023-10-12,15634199552
2023-10-13,15634199552
2023-10-14,15634199552
2023-10-15,15634199552
2023-10-17,15772800000
2023-10-18,15634199552
2023-10-19,15634199552
2023-10-20,15668100096
2023-10-22,15634199552
2023-10-27,15634199552
2023-10-28,15634199552
2023-11-03,15634199552
2023-11-04,15634199552
2023-11-09,15552799744
2023-11-10,15552799744
2023-11-22,15552799744
2023-11-23,15552799744
2023-12-19,15552799744
2023-12-20,15552799744
2023-12-22,15564699648
2023-12-23,15639499776
2023-12-26,15552799744
2024-01-03,15552799744
2024-01-04,15552799744
2024-01-05,15752800256
2024-01-10,15552799744
2024-01-11,15552799744
2024-01-13,15461900288
2024-01-16,15461900288
2024-02-01,15770500096
2024-02-03,15441899520
2024-02-29,15441899520
2024-03-01,15441899520
2024-03-05,15441899520
2024-03-06,15441899520
2024-03-07,15441899520
2024-03-13,15631399936
2024-03-14,15441899520
2024-03-16,15441899520
2024-03-19,15441899520
2024-03-21,15441899520
2024-03-22,15441899520
2024-03-26,15568400384
2024-03-27,15441899520
2024-03-29,15441899520
2024-04-10,15441899520
2024-04-11,15441899520
2024-04-17,15441899520
2024-04-18,15441899520
2024-04-26,15441899520
2024-04-27,15441899520
2024-05-01,15759800320
2024-05-04,15334099968
2024-05-07,15334099968
2024-05-08,15334099968
2024-05-10,15334099968
2024-05-11,15334099968
2024-05-23,15450600448
2024-05-24,15663899648
2024-06-08,15334099968
2024-06-11,15334099968
2024-06-15,15334099968
2024-06-21,15680199680
2024-06-25,15334099968
2024-06-26,15334099968
2024-07-18,15334099968
2024-07-25,15410899968
2024-07-26,15334099968
2024-08-03,15204100096
2024-08-31,15256599552
2024-09-07,15309500416
2024-09-11,15259400192
2024-09-17,15204100096
2024-09-21,15250799616
2024-10-12,15204100096
2024-10-18,15228399616
2024-10-24,15216700416
2024-10-26,15204100096
2024-10-31,15204100096
2024-11-02,15115799552
2024-11-05,15169599488
2024-11-16,15115799552
2024-12-27,15115799552
2024-12-28,15115799552
2025-01-04,15146300416
2025-01-14,15037899776
2025-01-17,15671000064
2025-01-22,15533599744
2025-02-01,15139200000
2025-02-08,15022100480
2025-03-04,15022100480
2025-03-11,15787400192
2025-03-27,15022100480
2025-04-09,15022100480
2025-04-10,15687100416
2025-04-11,15022100480
2025-04-12,15022100480
2025-04-16,15022100480
2025-04-17,15022100480
2025-04-22,15319199744
2025-04-23,15022100480
2025-04-29,15022100480
2025-04-30,15022100480
2025-05-03,14935799808
2025-05-06,14935799808
2025-05-07,14935799808
2025-05-14,14977999872
2025-05-15,14935799808
2025-05-16,14935799808
2025-05-17,14935799808
2025-05-30,14935799808
2025-06-06,14935799808
2025-06-10,14935799808
2025-06-18,14935799808
2025-06-19,14935799808
2025-06-27,14977399808
2025-07-08,14935799808
2025-07-10,14935799808
2025-07-11,15025699840
2025-07-12,14935799808
2025-08-02,15318899712
2025-09-17,14840390000
2025-09-30,14900467828
2025-10-01,14888764205
2025-10-02,14840390000
2025-10-08,14840390000
2025-10-31,14840390000
2025-11-01,14776353000
2025-11-04,14776353000
2025-11-07,14776353000
2025-11-08,14776353000
2025-11-15,14805644254
2025-11-17,14840390000
2026-01-10,14776353000
2026-01-31,14697926000
2026-04-23,14681140000
2026-05-02,14667688000
2026-05-05,14687356000
2026-08-04,14594180000
2026-08-05,14594180000
