date,open,high,low,close,adj_close,volume,dividend,split
2023-11-02,51.35,51.421,51.27,51.421,42.3567,875200,0,0
2023-11-03,53.55,53.55,53.451,53.451,44.0289,100,0,0
2023-11-06,52.592,52.592,52.592,52.592,43.3213,100,0,0
2023-11-07,52.215,52.215,52.215,52.215,43.0108,100,0,0
2023-11-08,52.34,52.561,52.34,52.561,43.2958,400,0,0
2023-11-09,51.85,51.91,51.735,51.735,42.6154,400,0,0
2023-11-10,52.296,52.296,52.296,52.296,43.0775,100,0,0
2023-11-13,52.27,52.28,51.948,51.948,42.7908,400,0,0
2023-11-14,54.455,54.455,54.455,54.455,44.8559,100,0,0
2023-11-15,54.84,54.85,54.648,54.648,45.0149,200,0,0
2023-11-16,54.28,54.28,54.28,54.28,44.7118,100,0,0
2023-11-17,54.54,54.54,54.527,54.527,44.9152,400,0,0
2023-11-20,54.752,54.752,54.752,54.752,45.1006,100,0,0
2023-11-21,54.27,54.306,54.27,54.306,44.7332,100,0,0
2023-11-22,54.617,54.617,54.617,54.617,44.9894,100,0,0
2023-11-24,54.83,55.006,54.83,55.006,45.3098,800,0,0
2023-11-27,54.736,54.736,54.736,54.736,45.0874,100,0,0
2023-11-28,55.049,55.049,55.049,55.049,45.3452,100,0,0
2023-11-29,55.601,55.662,55.601,55.662,45.8502,100,0,0
2023-11-30,55.785,55.785,55.785,55.785,45.9515,100,0,0
2023-12-01,57.346,57.346,57.346,57.346,47.2373,100,0,0
2023-12-04,57.301,57.301,57.301,57.301,47.2002,100,0,0
2023-12-05,56.73,56.833,56.73,56.833,46.8147,500,0,0
2023-12-06,56.594,56.594,56.594,56.594,46.6179,100,0,0
2023-12-07,56.975,56.975,56.975,56.975,46.9317,0,0,0
2023-12-08,57.008,57.008,57.008,57.008,46.9589,100,0,0
2023-12-11,57.273,57.273,57.273,57.273,47.1772,0,0,0
2023-12-12,57.365,57.365,57.365,57.365,47.253,100,0,0
2023-12-13,58.89,59.04,58.66,58.66,48.3197,45000,0,0
2023-12-14,59.752,59.752,59.752,59.752,49.2192,100,0,0
2023-12-15,59.274,59.274,59.274,59.274,48.8255,200,0,0
2023-12-18,59.32,59.32,59.194,59.194,48.7595,200,0,0
2023-12-19,59.566,59.566,59.471,59.471,48.9877,100,0,0
2023-12-20,58.99,58.99,58.288,58.288,48.468,300,0.558,0
2023-12-21,58.586,58.586,58.586,58.586,48.7158,100,0,0
2023-12-22,58.92,58.92,58.759,58.759,48.8597,600,0,0
2023-12-26,59.251,59.251,59.177,59.177,49.2072,400,0,0
2023-12-27,59.221,59.221,59.221,59.221,49.2438,100,0,0
2023-12-28,59.44,59.529,59.44,59.529,49.4999,400,0,0
2023-12-29,59.13,59.13,58.994,58.994,49.0551,1500,0,0
2024-01-02,59.365,59.365,59.365,59.365,49.3636,100,0,0
2024-01-03,58.388,58.388,58.388,58.388,48.5512,100,0,0
2024-01-04,58.71,58.71,58.512,58.512,48.6543,200,0,0
2024-01-05,58.44,58.454,58.35,58.454,48.606,3400,0,0
2024-01-08,59.175,59.175,59.175,59.175,49.2056,100,0,0
2024-01-09,58.759,58.759,58.759,58.759,48.8597,100,0,0
2024-01-10,59.005,59.005,58.904,58.904,48.9802,400,0,0
2024-01-11,58.65,58.65,58.576,58.648,48.7673,700,0,0
2024-01-12,59.03,59.03,58.912,58.912,48.9869,700,0,0
2024-01-16,58.481,58.481,58.481,58.481,48.6285,100,0,0
2024-01-17,57.601,57.601,57.601,57.601,47.8967,100,0,0
2024-01-18,57.399,57.399,57.399,57.399,47.7288,100,0,0
2024-01-19,57.93,58.204,57.93,58.204,48.3982,600,0,0
2024-01-22,58.515,58.515,58.515,58.515,48.6568,100,0,0
2024-01-23,58.133,58.133,58.133,58.133,48.3391,100,0,0
2024-01-24,57.379,57.379,57.379,57.379,47.7122,100,0,0
2024-01-25,57.594,57.594,57.594,57.594,48.1857,100,0.351,0
2024-01-26,57.609,57.609,57.609,57.609,48.1983,100,0,0
2024-01-29,57.943,57.943,57.943,57.943,48.4777,100,0,0
2024-01-30,57.59,57.59,57.59,57.59,48.1823,100,0,0
2024-01-31,57.09,57.09,57.09,57.09,47.764,100,0,0
2024-02-01,57.758,57.758,57.758,57.758,48.3229,100,0,0
2024-02-02,57.327,57.327,57.327,57.327,47.9623,100,0,0
2024-02-05,56.407,56.407,56.407,56.407,47.1926,100,0,0
2024-02-06,56.81,56.81,56.81,56.81,47.5298,100,0,0
2024-02-07,56.88,56.88,56.728,56.728,47.4612,1000,0,0
2024-02-08,57.325,57.325,57.325,57.325,47.9606,100,0,0
2024-02-09,57.27,57.359,57.27,57.359,47.9891,900,0,0
2024-02-12,57.808,57.808,57.617,57.617,48.2049,900,0,0
2024-02-13,55.82,56.228,55.82,56.228,47.0428,100,0,0
2024-02-14,56.62,56.62,56.62,56.62,47.3708,700,0,0
2024-02-15,57.859,57.859,57.859,57.859,48.4074,100,0,0
2024-02-16,57.668,57.668,57.668,57.668,48.2476,100,0,0
2024-02-20,57.555,57.555,57.555,57.555,48.1531,200,0,0
2024-02-21,57.907,57.907,57.907,57.907,48.4476,100,0,0
2024-02-22,58.245,58.245,58.245,58.245,48.7303,100,0,0
2024-02-23,57.588,57.588,57.588,57.588,48.4786,100,0.358,0
2024-02-26,56.917,56.917,56.917,56.917,47.9138,100,0,0
2024-02-27,57.11,57.11,57.012,57.057,48.0316,2100,0,0
2024-02-28,57.76,57.76,57.475,57.475,48.3835,1100,0,0
2024-02-29,58.032,58.032,58.032,58.032,48.8524,100,0,0
2024-03-01,58.459,58.459,58.459,58.459,49.2119,200,0,0
2024-03-04,58.596,58.768,58.596,58.768,49.472,700,0,0
2024-03-05,58.633,58.633,58.633,58.633,49.3583,100,0,0
2024-03-06,58.889,58.889,58.889,58.889,49.5738,100,0,0
2024-03-07,58.896,58.896,58.896,58.896,49.5797,100,0,0
2024-03-08,59.284,59.284,59.284,59.284,49.9064,100,0,0
2024-03-11,59.12,59.12,59.12,59.12,49.7683,100,0,0
2024-03-12,59.03,59.03,59.03,59.03,49.6926,100,0,0
2024-03-13,58.567,58.567,58.567,58.567,49.3028,100,0,0
2024-03-14,58.03,58.03,58.03,58.03,48.8507,100,0,0
2024-03-15,57.754,57.754,57.754,57.754,48.6184,100,0,0
2024-03-18,57.807,57.807,57.807,57.807,48.663,100,0,0
2024-03-19,57.804,57.804,57.804,57.804,48.6605,100,0,0
2024-03-20,58.098,58.098,58.098,58.098,48.908,100,0,0
2024-03-21,58.113,58.113,58.113,58.113,49.2197,100,0.353,0
2024-03-22,57.4,57.4,57.4,57.4,48.6158,100,0,0
2024-03-25,57.237,57.237,57.237,57.237,48.4777,100,0,0
2024-03-26,56.942,56.942,56.942,56.942,48.2279,100,0,0
2024-03-27,58.154,58.154,58.154,58.154,49.2544,100,0,0
2024-03-28,58.604,58.604,58.604,58.604,49.6355,100,0,0
2024-04-01,57.539,57.539,57.539,57.539,48.7335,100,0,0
2024-04-02,56.89,56.89,56.89,56.89,48.1838,100,0,0
2024-04-03,57.07,57.07,57.07,57.07,48.3363,100,0,0
2024-04-04,56.728,56.728,56.728,56.728,48.0466,100,0,0
2024-04-05,56.483,56.987,56.48,56.987,48.266,300,0,0
2024-04-08,57.543,57.543,57.543,57.543,48.7369,100,0,0
2024-04-09,58.302,58.302,58.302,58.302,49.3797,100,0,0
2024-04-10,56.53,56.53,56.53,56.53,47.8789,100,0,0
2024-04-11,56.571,56.571,56.571,56.571,47.9136,100,0,0
2024-04-12,55.887,55.887,55.887,55.887,47.3343,100,0,0
2024-04-15,55.13,55.27,55.13,55.27,46.8117,400,0,0
2024-04-16,54.415,54.415,54.415,54.415,46.0876,100,0,0
2024-04-17,53.896,53.896,53.896,53.896,45.648,100,0,0
2024-04-18,53.745,53.745,53.745,53.745,45.5201,100,0,0
2024-04-19,53.988,53.988,53.988,53.988,45.7259,100,0,0
2024-04-22,54.566,54.566,54.566,54.566,46.2155,100,0,0
2024-04-23,55.147,55.147,55.147,55.147,46.7076,100,0,0
2024-04-24,55.056,55.056,55.056,55.056,46.6305,100,0,0
2024-04-25,54.27,54.31,54.16,54.18,46.1838,900,0.352,0
2024-04-26,54.104,54.104,54.104,54.104,46.119,100,0,0
2024-04-29,54.481,54.481,54.481,54.481,46.4404,100,0,0
2024-04-30,54.03,54.03,53.85,53.85,45.9025,200,0,0
2024-05-01,53.859,53.859,53.859,53.859,45.9102,100,0,0
2024-05-02,54.342,54.342,54.342,54.342,46.3219,100,0,0
2024-05-03,54.85,54.85,54.551,54.551,46.5001,200,0,0
2024-05-06,54.734,54.734,54.734,54.734,46.6561,100,0,0
2024-05-07,55.082,55.082,55.082,55.082,46.9527,100,0,0
2024-05-08,54.74,54.74,54.537,54.537,46.4881,100,0,0
2024-05-09,55.892,55.892,55.892,55.892,47.6431,100,0,0
2024-05-10,55.711,55.711,55.711,55.711,47.4889,100,0,0
2024-05-13,55.92,55.92,55.92,55.92,47.667,100,0,0
2024-05-14,56.432,56.432,56.432,56.432,48.1035,100,0,0
2024-05-15,56.877,56.877,56.877,56.877,48.4828,100,0,0
2024-05-16,56.879,56.879,56.879,56.879,48.4845,100,0,0
2024-05-17,56.784,56.784,56.784,56.784,48.4035,100,0,0
2024-05-20,56.631,56.631,56.631,56.631,48.2731,100,0,0
2024-05-21,56.574,56.574,56.574,56.574,48.2245,100,0,0
2024-05-22,56.57,56.57,56.096,56.096,47.817,100,0,0
2024-05-23,54.695,54.695,54.695,54.695,46.9602,100,0.403,0
2024-05-24,54.798,54.798,54.798,54.798,47.0486,100,0,0
2024-05-28,54.441,54.441,54.441,54.441,46.7421,100,0,0
2024-05-29,53.786,53.786,53.786,53.786,46.1797,100,0,0
2024-05-30,54.39,54.39,54.39,54.39,46.6983,100,0,0
2024-05-31,54.79,55.31,54.58,55.192,47.3869,400,0,0
2024-06-03,55.011,55.011,55.011,55.011,47.2315,100,0,0
2024-06-04,55.379,55.379,55.379,55.379,47.5475,100,0,0
2024-06-05,55.15,55.15,55.15,55.15,47.3508,100,0,0
2024-06-06,55.151,55.151,55.151,55.151,47.3517,100,0,0
2024-06-07,54.625,54.625,54.625,54.625,46.9001,100,0,0
2024-06-10,54.749,54.749,54.749,54.749,47.0065,100,0,0
2024-06-11,54.652,54.652,54.652,54.652,46.9233,100,0,0
2024-06-12,55.189,55.189,55.189,55.189,47.3843,100,0,0
2024-06-13,55.176,55.176,55.176,55.176,47.3732,100,0,0
2024-06-14,55.005,55.005,55.005,55.005,47.2263,100,0,0
2024-06-17,55.078,55.078,55.078,55.078,47.289,100,0,0
2024-06-18,55.261,55.261,55.261,55.261,47.4461,100,0,0
2024-06-20,55.161,55.161,55.161,55.161,47.3603,100,0,0
2024-06-21,55.444,55.444,55.444,55.444,47.6033,100,0,0
2024-06-24,55.787,55.787,55.787,55.787,47.8978,100,0,0
2024-06-25,55.114,55.114,55.114,55.114,47.3199,100,0,0
2024-06-26,54.879,54.879,54.879,54.879,47.1182,100,0,0
2024-06-27,54.935,54.935,54.935,54.935,47.4777,100,0.36,0
2024-06-28,55.662,55.662,55.662,55.662,48.106,100,0,0
2024-07-01,55.053,55.053,55.053,55.053,47.5797,100,0,0
2024-07-02,55.18,55.18,55.18,55.18,47.6894,100,0,0
2024-07-03,55.176,55.176,55.176,55.176,47.686,100,0,0
2024-07-05,55.243,55.243,55.243,55.243,47.7439,100,0,0
2024-07-08,55.34,55.58,55.34,55.429,47.9046,200,0,0
2024-07-09,55.322,55.322,55.322,55.322,47.8121,100,0,0
2024-07-10,55.881,55.881,55.881,55.881,48.2953,100,0,0
2024-07-11,57.343,57.343,57.343,57.343,49.5588,100,0,0
2024-07-12,57.81,57.81,57.81,57.81,49.9624,100,0,0
2024-07-15,58.31,58.31,58.31,58.31,50.3945,100,0,0
2024-07-16,59.067,59.067,59.067,59.067,51.0488,100,0,0
2024-07-17,59.233,59.233,59.233,59.233,51.1922,100,0,0
2024-07-18,58.677,58.677,58.677,58.677,50.7117,100,0,0
2024-07-19,58.429,58.429,58.429,58.429,50.4974,100,0,0
2024-07-22,59.023,59.023,59.023,59.023,51.0107,100,0,0
2024-07-23,59.271,59.271,59.271,59.271,51.2251,100,0,0
2024-07-24,58.372,58.372,58.372,58.372,50.4481,100,0,0
2024-07-25,57.759,57.759,57.759,57.759,50.1779,100,0.302,0
2024-07-26,58.812,58.812,58.812,58.812,51.0927,100,0,0
2024-07-29,59.006,59.006,59.006,59.006,51.2613,100,0,0
2024-07-30,59.239,59.239,59.239,59.239,51.4637,100,0,0
2024-07-31,59.152,59.152,59.152,59.152,51.3881,100,0,0
2024-08-01,59.115,59.115,59.115,59.115,51.356,100,0,0
2024-08-02,58.701,58.701,58.701,58.701,50.9963,100,0,0
2024-08-05,56.796,56.796,56.796,56.796,49.3413,100,0,0
2024-08-06,57.896,57.896,57.896,57.896,50.297,100,0,0
2024-08-07,57.591,57.591,57.591,57.591,50.032,100,0,0
2024-08-08,58.383,58.383,58.383,58.383,50.72,100,0,0
2024-08-09,58.624,58.624,58.624,58.624,50.9294,200,0,0
2024-08-12,58.158,58.158,58.158,58.158,50.5246,100,0,0
2024-08-13,58.42,58.851,58.42,58.851,51.1266,200,0,0
2024-08-14,59.243,59.243,59.243,59.243,51.4672,100,0,0
2024-08-15,59.549,59.549,59.549,59.549,51.733,200,0,0
2024-08-16,59.427,59.427,59.427,59.427,51.627,100,0,0
2024-08-19,59.934,59.934,59.934,59.934,52.0675,100,0,0
2024-08-20,59.63,59.63,59.63,59.63,51.8034,100,0,0
2024-08-21,59.987,59.987,59.987,59.987,52.1135,100,0,0
2024-08-22,59.753,59.753,59.753,59.753,52.1799,100,0.31,0
2024-08-23,60.763,60.763,60.763,60.763,53.0619,100,0,0
2024-08-26,60.707,60.707,60.707,60.707,53.013,100,0,0
2024-08-27,60.814,60.814,60.814,60.814,53.1064,100,0,0
2024-08-28,60.651,60.651,60.651,60.651,52.9641,100,0,0
2024-08-29,60.81,60.81,60.659,60.659,52.971,2400,0,0
2024-08-30,61.306,61.306,61.306,61.306,53.5361,100,0,0
2024-09-03,61.21,61.21,60.88,60.919,53.1981,1000,0,0
2024-09-04,60.911,60.911,60.911,60.911,53.1911,100,0,0
2024-09-05,60.587,60.587,60.587,60.587,52.9082,300,0,0
2024-09-06,60.31,60.31,60.31,60.31,52.6663,100,0,0
2024-09-09,60.548,60.548,60.548,60.548,52.8741,100,0,0
2024-09-10,60.904,60.904,60.904,60.904,53.185,100,0,0
2024-09-11,60.799,60.799,60.799,60.799,53.0933,100,0,0
2024-09-12,61.268,61.268,61.268,61.268,53.5029,100,0,0
2024-09-13,61.909,61.909,61.909,61.909,54.0626,100,0,0
2024-09-16,62.192,62.192,62.192,62.192,54.3098,100,0,0
2024-09-17,61.976,61.976,61.976,61.976,54.1211,100,0,0
2024-09-18,62.21,62.21,62.035,62.044,54.1805,600,0,0
2024-09-19,62.714,62.714,62.714,62.714,54.7656,100,0,0
2024-09-20,62.5,62.5,62.484,62.484,54.5648,100,0,0
2024-09-23,62.87,62.87,62.805,62.805,54.8451,200,0,0
2024-09-24,62.96,62.96,62.96,62.96,54.9804,100,0,0
2024-09-25,62.344,62.344,62.344,62.344,54.4425,100,0,0
2024-09-26,61.733,61.733,61.733,61.733,54.1539,100,0.282,0
2024-09-27,61.79,61.79,61.689,61.689,54.1153,200,0,0
2024-09-30,61.835,61.837,61.81,61.837,54.2451,500,0,0
2024-10-01,61.337,61.337,61.337,61.337,53.8065,100,0,0
2024-10-02,61.179,61.179,61.179,61.179,53.6679,100,0,0
2024-10-03,60.96,60.96,60.87,60.87,53.3968,400,0,0
2024-10-04,60.842,60.842,60.842,60.842,53.3723,100,0,0
2024-10-07,60.398,60.398,60.398,60.398,52.9828,100,0,0
2024-10-08,60.43,60.43,60.43,60.43,53.0108,100,0,0
2024-10-09,60.407,60.407,60.407,60.407,52.9907,100,0,0
2024-10-10,60.22,60.22,60.22,60.22,52.8266,100,0,0
2024-10-11,60.797,60.797,60.797,60.797,53.3328,100,0,0
2024-10-14,61.225,61.225,61.225,61.225,53.7083,100,0,0
2024-10-15,61.771,61.771,61.771,61.771,54.1872,100,0,0
2024-10-16,62.403,62.403,62.403,62.403,54.7416,100,0,0
2024-10-17,61.908,61.908,61.908,61.908,54.3074,100,0,0
2024-10-18,62.04,62.218,62.04,62.218,54.5793,1600,0,0
2024-10-21,61.72,61.72,61.049,61.049,53.5539,500,0,0
2024-10-22,61.166,61.166,61.166,61.166,53.6565,100,0,0
2024-10-23,61.418,61.418,61.418,61.418,53.8776,100,0,0
2024-10-24,61.075,61.075,61.075,61.075,53.8132,100,0.27,0
2024-10-25,60.429,60.429,60.429,60.429,53.244,100,0,0
2024-10-28,60.682,60.682,60.682,60.682,53.467,100,0,0
2024-10-29,60.189,60.189,60.189,60.189,53.0326,100,0,0
2024-10-30,60.346,60.346,60.346,60.346,53.1709,100,0,0
2024-10-31,59.533,59.533,59.533,59.533,52.4546,100,0,0
2024-11-01,58.839,58.839,58.839,58.839,51.8431,100,0,0
2024-11-04,59.282,59.282,59.282,59.282,52.2334,100,0,0
2024-11-05,59.936,59.936,59.936,59.936,52.8097,100,0,0
2024-11-06,60.09,60.09,60.053,60.053,52.9127,400,0,0
2024-11-07,60.218,60.218,60.218,60.218,53.0581,100,0,0
2024-11-08,60.63,60.63,60.57,60.57,53.3683,200,0,0
2024-11-11,61.05,61.21,60.407,60.407,53.2247,600,0,0
2024-11-12,59.94,59.94,59.558,59.558,52.4766,200,0,0
2024-11-13,59.94,59.94,59.788,59.788,52.6793,600,0,0
2024-11-14,59.018,59.018,59.018,59.018,52.0008,100,0,0
2024-11-15,58.925,58.925,58.925,58.925,51.9189,100,0,0
2024-11-18,59.1,59.34,59.1,59.231,52.1885,600,0,0
2024-11-19,59.15,59.572,59.15,59.572,52.4889,200,0,0
2024-11-20,59.416,59.416,59.416,59.416,52.3515,100,0,0
2024-11-21,59.613,59.613,59.613,59.613,52.7997,100,0.309,0
2024-11-22,60.24,60.24,60.105,60.105,53.2354,200,0,0
2024-11-25,61.092,61.092,61.002,61.002,54.0299,100,0,0
2024-11-26,60.9,60.9,60.9,60.9,53.9396,100,0,0
2024-11-27,61.123,61.123,61.123,61.123,54.1371,100,0,0
2024-11-29,60.881,60.881,60.881,60.881,53.9227,100,0,0
2024-12-02,60.387,60.387,60.387,60.387,53.4852,100,0,0
2024-12-03,60.251,60.251,60.251,60.251,53.3647,100,0,0
2024-12-04,60.298,60.298,60.298,60.298,53.4064,100,0,0
2024-12-05,60.137,60.137,60.137,60.137,53.2638,100,0,0
2024-12-06,60.021,60.021,60.021,60.021,53.161,100,0,0
2024-12-09,60.58,60.58,60.382,60.382,53.4808,300,0,0
2024-12-10,59.706,59.706,59.706,59.706,52.882,100,0,0
2024-12-11,59.505,59.71,59.505,59.576,52.7669,200,0,0
2024-12-12,59.501,59.501,59.501,59.501,52.7005,100,0,0
2024-12-13,59.505,59.505,59.505,59.505,52.704,100,0,0
2024-12-16,59.504,59.504,59.504,59.504,52.7031,100,0,0
2024-12-17,59.35,59.35,59.264,59.264,52.4905,700,0,0
2024-12-18,57.24,57.24,57.24,57.24,50.6979,100,0,0
2024-12-19,56.633,56.633,56.633,56.633,50.1603,100,0,0
2024-12-20,57.384,57.384,57.384,57.384,50.8254,100,0,0
2024-12-23,57.519,57.519,57.519,57.519,50.945,100,0,0
2024-12-24,56.59,57.831,56.59,57.831,51.2213,200,0,0
2024-12-26,57.954,57.954,57.954,57.954,51.3303,100,0,0
2024-12-27,57.127,57.127,57.127,57.127,50.8637,100,0.303,0
2024-12-30,56.7,56.829,56.7,56.829,50.5984,500,0,0
2024-12-31,57.46,58.4,57.271,57.271,50.9919,11500,0,0
2025-01-02,56.861,56.861,56.59,56.764,50.5405,1600,0,0
2025-01-03,56.51,57.395,56.51,57.395,51.1023,1200,0,0
2025-01-06,57.45,57.45,56.68,56.68,50.4657,300,0,0
2025-01-07,56.22,56.22,56.134,56.134,49.9796,100,0,0
2025-01-08,55.97,56.192,55.7,56.192,50.0312,800,0,0
2025-01-10,55.97,55.97,55.05,55.06,49.0233,6300,0,0
2025-01-13,54.97,55.518,54.97,55.518,49.4311,700,0,0
2025-01-14,55.736,55.892,55.736,55.892,49.7641,100,0,0
2025-01-15,56.066,56.066,56.066,56.066,49.919,100,0,0
2025-01-16,56.26,56.842,56.26,56.842,50.61,1200,0,0
2025-01-17,57.044,57.044,57.044,57.044,50.7898,100,0,0
2025-01-21,57.7,57.763,57.7,57.763,51.43,400,0,0
2025-01-22,56.719,56.719,56.719,56.719,50.5005,100,0,0
2025-01-23,56.567,56.567,56.567,56.567,50.6437,100,0.312,0
2025-01-24,57.06,57.06,56.918,56.918,50.9579,500,0,0
2025-01-27,57.29,57.515,57.29,57.515,51.4924,400,0,0
2025-01-28,56.882,56.882,56.882,56.882,50.9257,100,0,0
2025-01-29,56.11,56.11,56.11,56.11,50.2346,100,0,0
2025-01-30,57.06,57.06,56.79,56.79,50.8433,500,0,0
2025-01-31,56.701,56.701,56.701,56.701,50.7637,100,0,0
2025-02-03,56,56.47,56,56.47,50.5568,400,0,0
2025-02-04,56.413,56.413,56.413,56.413,50.5058,100,0,0
2025-02-05,56.43,56.758,56.39,56.758,50.8147,2000,0,0
2025-02-06,57.204,57.204,57.204,57.204,51.214,100,0,0
2025-02-07,57.394,57.394,57.129,57.129,51.1469,600,0,0
2025-02-10,56.971,56.971,56.971,56.971,51.0054,100,0,0
2025-02-11,57.194,57.194,57.194,57.194,51.205,100,0,0
2025-02-12,56.9,56.9,56.65,56.726,50.786,500,0,0
2025-02-13,57.654,57.654,57.654,57.654,51.6169,100,0,0
2025-02-14,58.077,58.077,57.661,57.661,51.6231,200,0,0
2025-02-18,57.885,57.885,57.885,57.885,51.8237,100,0,0
2025-02-19,57.753,57.753,57.753,57.753,51.7055,100,0,0
2025-02-20,57.709,57.709,57.709,57.709,51.6661,100,0,0
2025-02-21,57.158,57.158,57.158,57.158,51.1728,100,0,0
2025-02-24,57.676,57.676,57.676,57.676,51.6366,100,0,0
2025-02-25,58.245,58.245,58.245,58.245,52.146,100,0,0
2025-02-26,58.07,58.07,57.693,57.693,51.6518,100,0,0
2025-02-27,57.744,57.744,57.744,57.744,51.9949,100,0.33,0
2025-02-28,58.345,58.345,58.345,58.345,52.536,100,0,0
2025-03-03,58.504,58.504,58.504,58.504,52.6792,300,0,0
2025-03-04,58.015,58.015,57.86,57.86,52.0993,200,0,0
2025-03-05,58.511,58.511,58.511,58.511,52.6855,100,0,0
2025-03-06,57.44,57.44,57.44,57.44,51.7211,100,0,0
2025-03-07,57.939,57.939,57.939,57.939,52.1704,100,0,0
2025-03-10,56.95,57.264,56.95,57.264,51.5626,1300,0,0
2025-03-11,56.636,56.636,56.636,56.636,50.9972,100,0,0
2025-03-12,56.251,56.251,56.251,56.251,50.6505,100,0,0
2025-03-13,55.243,55.243,55.243,55.243,49.7429,100,0,0
2025-03-14,56.183,56.402,56.183,56.402,50.7865,200,0,0
2025-03-17,57.281,57.281,57.281,57.281,51.578,100,0,0
2025-03-18,57.088,57.088,57.088,57.088,51.4042,100,0,0
2025-03-19,57.175,57.175,57.175,57.175,51.4825,100,0,0
2025-03-20,56.917,56.917,56.917,56.917,51.2502,100,0,0
2025-03-21,56.252,56.252,56.252,56.252,50.6514,100,0,0
2025-03-24,57.075,57.075,57.075,57.075,51.3925,100,0,0
2025-03-25,56.28,56.28,56.244,56.244,50.6442,200,0,0
2025-03-26,56.696,56.696,56.696,56.696,51.0512,100,0,0
2025-03-27,56.147,56.147,56.147,56.147,50.8556,100,0.333,0
2025-03-28,56.079,56.079,56.079,56.079,50.794,100,0,0
2025-03-31,56.559,56.559,56.559,56.559,51.2287,100,0,0
2025-04-01,56.511,56.511,56.511,56.511,51.1853,100,0,0
2025-04-02,56.25,56.96,56.25,56.96,51.5919,400,0,0
2025-04-03,54.724,54.724,54.724,54.724,49.5667,100,0,0
2025-04-04,53.98,53.98,52.417,52.417,47.4771,1100,0,0
2025-04-07,51.31,51.31,50.787,50.787,46.0007,300,0,0
2025-04-08,51.87,51.87,49.363,49.363,44.7109,200,0,0
2025-04-09,48.579,52.67,48.374,52.67,47.7062,900,0,0
2025-04-10,51.083,51.083,51.083,51.083,46.2688,100,0,0
2025-04-11,50.49,51.912,50.47,51.912,47.0197,800,0,0
2025-04-14,52.777,52.777,52.777,52.777,47.8032,100,0,0
2025-04-15,52.916,52.916,52.916,52.916,47.9291,100,0,0
2025-04-16,52.783,52.783,52.783,52.783,47.8086,100,0,0
2025-04-17,53.496,53.496,53.496,53.496,48.4544,100,0,0
2025-04-21,52.523,52.523,52.523,52.523,47.5731,100,0,0
2025-04-22,53.526,53.526,53.526,53.526,48.4816,100,0,0
2025-04-23,53.827,53.827,53.827,53.827,48.7542,100,0,0
2025-04-24,53.6,53.772,53.49,53.772,48.9563,4700,0.277,0
2025-04-25,53.688,53.688,53.688,53.688,48.8798,100,0,0
2025-04-28,54.123,54.123,54.123,54.123,49.2759,100,0,0
2025-04-29,53.948,53.948,53.948,53.948,49.1166,100,0,0
2025-04-30,54.301,54.301,54.301,54.301,49.4379,100,0,0
2025-05-01,54.507,54.507,54.507,54.507,49.6255,100,0,0
2025-05-02,55.206,55.206,55.206,55.206,50.2619,100,0,0
2025-05-05,55.029,55.029,55.029,55.029,50.1007,100,0,0
2025-05-06,54.47,54.47,54.47,54.47,49.5918,100,0,0
2025-05-07,54.866,54.866,54.629,54.629,49.7366,200,0,0
2025-05-08,54.564,54.564,54.564,54.564,49.6774,100,0,0
2025-05-09,54.87,55.08,54.87,54.941,50.0206,300,0,0
2025-05-12,55.595,55.595,55.455,55.455,50.4886,200,0,0
2025-05-13,55.5,55.5,54.77,54.946,50.0252,800,0,0
2025-05-14,54.291,54.291,54.291,54.291,49.4288,100,0,0
2025-05-15,55.019,55.019,55.019,55.019,50.0916,100,0,0
2025-05-16,55.808,55.808,55.808,55.808,50.81,100,0,0
2025-05-19,55.609,55.609,55.609,55.609,50.6288,100,0,0
2025-05-20,55.148,55.148,55.148,55.148,50.2091,100,0,0
2025-05-21,53.742,53.742,53.742,53.742,48.929,100,0,0
2025-05-22,53.236,53.236,53.236,53.236,48.7495,100,0.31,0
2025-05-23,53.2,53.2,53.2,53.2,48.7166,100,0,0
2025-05-27,54.25,54.25,54.25,54.25,49.6781,100,0,0
2025-05-28,54.1,54.15,54.1,54.15,49.5865,100,0,0
2025-05-29,54.593,54.593,54.593,54.593,49.9922,100,0,0
2025-05-30,54.525,54.525,54.525,54.525,49.9299,100,0,0
2025-06-02,54.498,54.498,54.498,54.498,49.9052,100,0,0
2025-06-03,54.491,54.491,54.491,54.491,49.8988,100,0,0
2025-06-04,54.474,54.474,54.474,54.474,49.8832,100,0,0
2025-06-05,54.327,54.327,54.327,54.327,49.7486,100,0,0
2025-06-06,54.825,54.825,54.825,54.825,50.2046,100,0,0
2025-06-09,55.03,55.03,55.03,55.03,50.3923,100,0,0
2025-06-10,55.05,55.515,55.05,55.515,50.8365,1000,0,0
2025-06-11,55.68,55.69,55.171,55.171,50.5215,400,0,0
2025-06-12,55.208,55.208,55.208,55.208,50.5553,100,0,0
2025-06-13,54.591,54.591,54.591,54.591,49.9903,100,0,0
2025-06-16,54.9,54.9,54.765,54.765,50.1497,200,0,0
2025-06-17,54.636,54.636,54.636,54.636,50.0315,100,0,0
2025-06-18,55.076,55.076,54.876,54.876,50.2513,1500,0,0
2025-06-20,55.04,55.07,54.946,54.946,50.3154,300,0,0
2025-06-23,55.552,55.552,55.552,55.552,50.8703,100,0,0
2025-06-24,55.84,55.84,55.625,55.625,50.9372,1200,0,0
2025-06-25,54.955,54.955,54.955,54.955,50.3237,100,0,0
2025-06-26,54.252,54.252,54.252,54.252,49.9535,200,0.301,0
2025-06-27,54.299,54.299,54.299,54.299,49.9968,100,0,0
2025-06-30,54.529,54.529,54.529,54.529,50.2086,100,0,0
2025-07-01,54.979,54.979,54.979,54.979,50.6229,100,0,0
2025-07-02,55.251,55.251,55.251,55.251,50.8733,100,0,0
2025-07-03,55.36,55.36,55.36,55.36,50.9737,100,0,0
2025-07-07,54.675,54.675,54.675,54.675,50.343,100,0,0
2025-07-08,54.76,54.76,54.76,54.76,50.4212,100,0,0
2025-07-09,54.822,54.822,54.822,54.822,50.4783,100,0,0
2025-07-10,55.159,55.159,55.159,55.159,50.7886,100,0,0
2025-07-11,55.193,55.193,55.193,55.193,50.8199,100,0,0
2025-07-14,55.44,55.44,55.44,55.44,51.0474,100,0,0
2025-07-15,54.738,54.738,54.738,54.738,50.401,100,0,0
2025-07-16,55.03,55.042,55.03,55.042,50.6809,600,0,0
2025-07-17,55.019,55.019,55.019,55.019,50.6597,100,0,0
2025-07-18,55.081,55.081,55.081,55.081,50.7168,100,0,0
2025-07-21,55.5,55.5,55.149,55.149,50.7794,200,0,0
2025-07-22,55.984,55.984,55.984,55.984,51.5483,100,0,0
2025-07-23,56.027,56.027,56.027,56.027,51.5879,100,0,0
2025-07-24,55.335,55.335,55.335,55.335,51.2176,100,0.292,0
2025-07-25,55.096,55.096,55.096,55.096,50.9964,100,0,0
2025-07-28,54.97,54.97,54.355,54.355,50.3106,400,0,0
2025-07-29,55.047,55.047,55.047,55.047,50.9511,100,0,0
2025-07-30,54.217,54.217,54.217,54.217,50.1828,100,0,0
2025-07-31,53.608,53.608,53.608,53.608,49.6191,100,0,0
2025-08-01,53.277,53.277,53.277,53.277,49.3128,100,0,0
2025-08-04,53.626,53.626,53.626,53.626,49.6358,100,0,0
2025-08-05,53.944,53.944,53.944,53.944,49.9301,100,0,0
2025-08-06,53.78,53.78,53.598,53.598,49.6099,100,0,0
2025-08-07,53.904,53.904,53.904,53.904,49.8931,100,0,0
2025-08-08,53.339,53.339,53.339,53.339,49.3701,100,0,0
2025-08-11,53.015,53.015,53.015,53.015,49.0703,100,0,0
2025-08-12,53.661,53.661,53.661,53.661,49.6682,100,0,0
2025-08-13,53.895,53.895,53.895,53.895,49.8848,100,0,0
2025-08-14,53.877,53.877,53.877,53.877,49.8681,100,0,0
2025-08-15,54.053,54.053,54.053,54.053,50.031,200,0,0
2025-08-18,54.08,54.08,53.757,53.757,49.757,400,0,0
2025-08-19,54.568,54.568,54.568,54.568,50.5077,100,0,0
2025-08-20,54.704,54.704,54.704,54.704,50.6336,100,0,0
2025-08-21,54.19,54.19,54.171,54.171,50.4325,200,0.317,0
2025-08-22,55.21,55.335,54.93,55.335,51.5162,5700,0,0
2025-08-25,55.04,55.05,55.028,55.028,51.2303,300,0,0
2025-08-26,54.933,54.933,54.933,54.933,51.1419,100,0,0
2025-08-27,55.671,55.671,55.671,55.671,51.829,100,0,0
2025-08-28,55.445,55.445,55.445,55.445,51.6186,100,0,0
2025-08-29,55.819,55.819,55.819,55.819,51.9668,100,0,0
2025-09-02,54.962,54.962,54.962,54.962,51.1689,100,0,0
2025-09-03,55.1,55.1,55.1,55.1,51.2974,100,0,0
2025-09-04,55.479,55.479,55.479,55.479,51.6502,100,0,0
2025-09-05,55.835,55.835,55.835,55.835,51.9817,100,0,0
2025-09-08,55.636,55.636,55.636,55.636,51.7964,100,0,0
2025-09-09,55.552,55.552,55.552,55.552,51.7182,100,0,0
2025-09-10,55.695,55.695,55.695,55.695,51.8513,100,0,0
2025-09-11,56.418,56.418,56.418,56.418,52.5244,100,0,0
2025-09-12,56.152,56.152,56.152,56.152,52.2768,100,0,0
2025-09-15,55.963,55.963,55.963,55.963,52.1008,100,0,0
2025-09-16,55.676,55.676,55.676,55.676,51.8336,100,0,0
2025-09-17,55.491,55.491,55.491,55.491,51.6614,100,0,0
2025-09-18,55.662,55.662,55.662,55.662,51.8206,100,0,0
2025-09-19,55.384,55.384,55.384,55.384,51.5618,100,0,0
2025-09-22,55.472,55.472,55.472,55.472,51.6437,100,0,0
2025-09-23,55.557,55.557,55.557,55.557,51.7228,100,0,0
2025-09-24,55.091,55.091,55.091,55.091,51.289,100,0,0
2025-09-25,54.509,54.509,54.509,54.509,51.0399,100,0.316,0
2025-09-26,54.961,54.961,54.961,54.961,51.4632,100,0,0
2025-09-29,54.906,54.906,54.906,54.906,51.4117,100,0,0
2025-09-30,55.39,55.39,55.39,55.39,51.8649,100,0,0
2025-10-01,55.531,55.531,55.531,55.531,51.9969,100,0,0
2025-10-02,55.286,55.359,55.286,55.359,51.8358,200,0,0
2025-10-03,55.688,55.688,55.688,55.688,52.1439,200,0,0
2025-10-06,55.24,55.24,55.24,55.24,51.7244,100,0,0
2025-10-07,55.021,55.021,55.021,55.021,51.5193,100,0,0
2025-10-08,54.76,54.879,54.76,54.879,51.3864,300,0,0
2025-10-09,54.4,54.4,54.4,54.4,50.9379,100,0,0
2025-10-10,53.731,53.731,53.731,53.731,50.3114,100,0,0
2025-10-13,53.987,53.987,53.987,53.987,50.5512,200,0,0
2025-10-14,54.457,54.457,54.457,54.457,50.9912,100,0,0
2025-10-15,55.024,55.024,55.024,55.024,51.5222,100,0,0
2025-10-16,54.744,54.744,54.744,54.744,51.26,100,0,0
2025-10-17,54.55,54.989,54.55,54.989,51.4894,400,0,0
2025-10-20,55.063,55.269,55.063,55.269,51.7516,300,0,0
2025-10-21,55.273,55.273,55.273,55.273,51.7553,100,0,0
2025-10-22,55.439,55.439,55.439,55.439,51.9107,100,0,0
2025-10-23,55.052,55.052,55.052,55.052,51.8448,100,0.317,0
2025-10-24,55.255,55.255,55.255,55.255,52.036,100,0,0
2025-10-27,55.278,55.278,55.278,55.278,52.0576,100,0,0
2025-10-28,54.211,54.211,54.211,54.211,51.0528,100,0,0
2025-10-29,53.575,53.575,52.927,52.927,49.8436,1400,0,0
2025-10-30,53.232,53.232,53.232,53.232,50.1308,100,0,0
2025-10-31,53.415,53.415,53.415,53.415,50.3032,100,0,0
2025-11-03,53.238,53.238,53.238,53.238,50.1365,100,0,0
2025-11-04,53.05,53.27,53.05,53.147,50.0508,400,0,0
2025-11-05,53.257,53.257,53.257,53.257,50.1544,100,0,0
2025-11-06,53.135,53.135,53.135,53.135,50.0395,100,0,0
2025-11-07,54.085,54.085,54.085,54.085,50.9342,100,0,0
2025-11-10,53.69,53.934,53.69,53.934,50.7919,800,0,0
2025-11-11,54.526,54.526,54.526,54.526,51.3495,100,0,0
2025-11-12,54.131,54.131,54.131,54.131,50.9775,100,0,0
2025-11-13,53.623,53.623,53.623,53.623,50.4991,100,0,0
2025-11-14,53.874,53.874,53.874,53.874,50.7354,100,0,0
2025-11-17,53.77,53.77,53.373,53.373,50.2636,200,0,0
2025-11-18,53.51,53.681,53.51,53.681,50.5537,100,0,0
2025-11-19,53.3,53.3,53.244,53.244,50.1421,100,0,0
2025-11-20,53.69,53.69,53.037,53.037,49.9472,500,0,0
2025-11-21,53.95,53.95,53.757,53.757,50.6253,300,0,0
2025-11-24,53.8,53.824,53.8,53.824,50.6884,100,0,0
2025-11-25,54.48,54.6,54.317,54.317,51.1526,200,0,0
2025-11-26,54.87,54.87,54.588,54.588,51.4078,200,0,0
2025-11-28,54.328,54.328,54.328,54.328,51.4732,100,0.329,0
2025-12-01,53.9,53.931,53.9,53.931,51.0971,100,0,0
2025-12-02,53.84,53.9,53.754,53.808,50.9805,2100,0,0
2025-12-03,53.544,53.544,53.544,53.544,50.7304,100,0,0
2025-12-04,53.215,53.215,53.215,53.215,50.4187,200,0,0
2025-12-05,53.219,53.219,53.219,53.219,50.4225,100,0,0
2025-12-08,52.793,52.793,52.793,52.793,50.0189,100,0,0
2025-12-09,52.699,52.699,52.699,52.699,49.9298,200,0,0
2025-12-10,53.09,53.29,53.028,53.028,50.2415,400,0,0
2025-12-11,53.114,53.114,53.114,53.114,50.323,100,0,0
2025-12-12,53.1,53.1,53.054,53.054,50.2662,300,0,0
2025-12-15,53.192,53.192,53.192,53.192,50.3969,100,0,0
2025-12-16,53.13,53.19,52.756,52.756,49.9838,4200,0,0
2025-12-17,53.125,53.19,53.118,53.118,50.3268,300,0,0
2025-12-18,52.929,52.929,52.929,52.929,50.1477,100,0,0
2025-12-19,52.66,52.66,52.66,52.66,49.8929,100,0,0
2025-12-22,52.96,52.96,52.96,52.96,50.1771,100,0,0
2025-12-23,52.782,52.782,52.782,52.782,50.0085,100,0,0
2025-12-24,53.272,53.272,53.272,53.272,50.4727,100,0,0
2025-12-26,53.21,53.21,53.21,53.21,50.414,100,0,0
2025-12-29,53.297,53.297,53.297,53.297,50.4964,100,0,0
2025-12-30,53.277,53.277,53.277,53.277,50.7756,100,0.313,0
2025-12-31,53.014,53.014,53.014,53.014,50.525,100,0,0
2026-01-02,52.967,52.967,52.967,52.967,50.4802,100,0,0
2026-01-05,53.024,53.024,53.024,53.024,50.5345,100,0,0
2026-01-06,53.65,53.65,53.65,53.65,51.1311,100,0,0
2026-01-07,53.4,53.4,53.383,53.383,50.8767,500,0,0
2026-01-08,53.888,53.888,53.888,53.888,51.358,100,0,0
2026-01-09,54.147,54.147,54.147,54.147,51.6048,100,0,0
2026-01-12,54.299,54.299,54.299,54.299,51.7497,100,0,0
2026-01-13,54.497,54.497,54.497,54.497,51.9384,100,0,0
2026-01-14,54.842,54.842,54.842,54.842,52.2672,100,0,0
2026-01-15,55.585,55.585,55.585,55.585,52.9753,300,0,0
2026-01-16,55.95,55.95,55.95,55.95,53.3231,100,0,0
2026-01-20,55.036,55.036,55.036,55.036,52.4521,100,0,0
2026-01-21,55.214,55.214,55.214,55.214,52.6217,100,0,0
2026-01-22,54.47,54.47,54.47,54.47,52.1858,100,0.289,0
2026-01-23,54.225,54.508,54.225,54.508,52.2222,200,0,0
2026-01-26,54.199,54.199,54.199,54.199,51.9261,100,0,0
2026-01-27,54.275,54.275,54.275,54.275,51.999,100,0,0
2026-01-28,53.428,53.428,53.428,53.428,51.1875,100,0,0
2026-01-29,54.147,54.147,54.147,54.147,51.8763,100,0,0
2026-01-30,53.84,54.252,53.84,54.252,51.9769,500,0,0
2026-02-02,53.856,53.856,53.856,53.856,51.5975,100,0,0
2026-02-03,53.988,53.988,53.988,53.988,51.724,100,0,0
2026-02-04,54.881,54.881,54.881,54.881,52.5795,100,0,0
2026-02-05,54.6,54.62,54.6,54.62,52.3295,100,0,0
2026-02-06,55.42,55.42,55.42,55.42,53.0959,100,0,0
2026-02-09,55.15,55.541,55.15,55.541,53.2119,1000,0,0
2026-02-10,56.253,56.253,56.253,56.253,53.894,200,0,0
2026-02-11,55.82,55.82,55.558,55.558,53.2281,300,0,0
2026-02-12,55.46,55.46,54.918,54.918,52.615,900,0,0
2026-02-13,55.664,55.664,55.664,55.664,53.3297,100,0,0
2026-02-17,56.299,56.299,56.299,56.299,53.9381,100,0,0
2026-02-18,55.964,55.964,55.964,55.964,53.6171,100,0,0
2026-02-19,55.918,55.918,55.918,55.918,53.5731,100,0,0
2026-02-20,56.348,56.348,56.348,56.348,53.985,100,0,0
2026-02-23,56.125,56.125,56.125,56.125,53.7714,100,0,0
2026-02-24,56.191,56.191,56.191,56.191,53.8346,100,0,0
2026-02-25,56.42,56.42,56.42,56.42,54.054,100,0,0
2026-02-26,56.401,56.401,56.401,56.401,54.2976,100,0.272,0
2026-02-27,56.42,56.42,56.264,56.264,54.1657,100,0,0
2026-03-02,56.505,56.505,56.505,56.505,54.3977,100,0,0
2026-03-03,56.174,56.174,56.174,56.174,54.079,100,0,0
2026-03-04,56.669,56.669,56.669,56.669,54.5556,100,0,0
2026-03-05,56.129,56.129,56.129,56.129,54.0357,100,0,0
2026-03-06,55.337,55.337,55.337,55.337,53.2733,100,0,0
2026-03-09,55.6,55.6,55.356,55.356,53.2915,800,0,0
2026-03-10,55.6,55.6,55.372,55.372,53.307,100,0,0
2026-03-11,54.883,54.883,54.883,54.883,52.8362,100,0,0
2026-03-12,54.53,54.53,54.53,54.53,52.4963,100,0,0
2026-03-13,54.454,54.454,54.454,54.454,52.4232,100,0,0
2026-03-16,54.88,54.88,54.88,54.88,52.8333,100,0,0
2026-03-17,55.158,55.158,55.158,55.158,53.1009,100,0,0
2026-03-18,54.424,54.424,54.424,54.424,52.3943,100,0,0
2026-03-19,54.134,54.134,54.134,54.134,52.1151,100,0,0
2026-03-20,52.97,52.97,52.518,52.518,50.5594,300,0,0
2026-03-23,53.167,53.167,53.167,53.167,51.1842,100,0,0
2026-03-24,52.769,52.769,52.769,52.769,50.801,100,0,0
2026-03-25,52.775,52.775,52.775,52.775,50.8068,200,0,0
2026-03-26,52.385,52.385,52.385,52.385,50.7216,100,0.302,0
2026-03-27,51.647,51.647,51.647,51.647,50.007,100,0,0
2026-03-30,51.813,51.813,51.813,51.813,50.1678,100,0,0
2026-03-31,52.64,52.64,52.64,52.64,50.9685,100,0,0
2026-04-01,52.638,52.638,52.638,52.638,50.9666,100,0,0
2026-04-02,53.041,53.041,53.041,53.041,51.3568,100,0,0
2026-04-06,52.972,52.972,52.972,52.972,51.29,100,0,0
2026-04-07,53.245,53.245,53.245,53.245,51.5543,100,0,0
2026-04-08,53.94,54.199,53.9,54.199,52.478,2500,0,0
2026-04-09,53.73,54.47,53.73,54.47,52.7404,200,0,0
2026-04-10,54.677,54.677,54.677,54.677,52.9408,100,0,0
2026-04-13,54.821,54.821,54.821,54.821,53.0802,200,0,0
2026-04-14,55.453,55.453,55.453,55.453,53.6922,100,0,0
2026-04-15,55.47,55.496,55.26,55.496,53.7338,300,0,0
2026-04-16,55.768,55.768,55.768,55.768,53.9972,100,0,0
2026-04-17,56.729,56.729,56.729,56.729,54.9277,100,0,0
2026-04-20,56.67,56.767,56.67,56.767,54.9644,900,0,0
2026-04-21,56.55,56.55,56.058,56.058,54.278,200,0,0
2026-04-22,55.417,55.417,55.417,55.417,53.6573,100,0,0
2026-04-23,55.667,55.667,55.667,55.667,54.1682,100,0.275,0
2026-04-24,55.671,55.671,55.671,55.671,54.1721,200,0,0
2026-04-27,55.622,55.622,55.622,55.622,54.1244,100,0,0
2026-04-28,56.094,56.094,56.094,56.094,54.5837,100,0,0
2026-04-29,55.732,55.732,55.732,55.732,54.2314,100,0,0
2026-04-30,56.278,56.278,56.278,56.278,54.7627,100,0,0
2026-05-01,56.351,56.351,56.351,56.351,54.8338,100,0,0
2026-05-04,55.69,55.69,55.69,55.69,54.1906,100,0,0
2026-05-05,56.09,56.217,56.09,56.217,54.7034,300,0,0
2026-05-06,57.17,57.349,57.17,57.349,55.8049,200,0,0
2026-05-07,57.825,57.825,57.825,57.825,56.2681,100,0,0
2026-05-08,58.289,58.289,58.289,58.289,56.7196,100,0,0
2026-05-11,57.874,57.874,57.874,57.874,56.3158,100,0,0
2026-05-12,57.659,57.659,57.659,57.659,56.1065,100,0,0
2026-05-13,57.378,57.378,57.378,57.378,55.8331,100,0,0
2026-05-14,57.256,57.256,57.256,57.256,55.7144,100,0,0
2026-05-15,56.575,56.575,56.575,56.575,55.0517,100,0,0
2026-05-18,57.273,57.273,57.273,57.273,55.7309,100,0,0
2026-05-19,57.197,57.197,57.197,57.197,55.657,100,0,0
2026-05-20,58.088,58.088,58.088,58.088,56.524,100,0,0
2026-05-21,57.808,57.808,57.808,57.808,56.5837,100,0.341,0
2026-05-22,58,58,57.953,57.953,56.7256,200,0,0
2026-05-26,58.307,58.307,58.307,58.307,57.0721,100,0,0
2026-05-27,58.319,58.319,58.319,58.319,57.0839,100,0,0
2026-05-28,58.171,58.171,58.171,58.171,56.939,100,0,0
2026-05-29,57.763,57.763,57.763,57.763,56.5397,100,0,0
2026-06-01,56.909,56.909,56.909,56.909,55.7037,100,0,0
2026-06-02,57.196,57.196,57.196,57.196,55.9847,100,0,0
2026-06-03,56.928,56.928,56.928,56.928,55.7223,100,0,0
2026-06-04,57.61,57.61,57.61,57.61,56.3899,100,0,0
2026-06-05,58.045,58.045,58.045,58.045,56.8157,100,0,0
2026-06-08,57.659,57.659,57.659,57.659,56.4379,100,0,0
2026-06-09,58.851,58.851,58.851,58.851,57.6046,100,0,0
2026-06-10,58.855,58.855,58.855,58.855,57.6085,100,0,0
2026-06-11,58.89,58.89,58.89,58.89,57.6428,100,0,0
2026-06-12,59.338,59.338,59.338,59.338,58.0813,100,0,0
2026-06-15,58.835,58.835,58.835,58.835,57.589,100,0,0
2026-06-16,58.664,58.664,58.664,58.664,57.4216,100,0,0
2026-06-17,57.555,57.555,57.555,57.555,56.3361,100,0,0
2026-06-18,58.19,58.19,57.879,57.879,56.6532,200,0,0
2026-06-22,58.236,58.236,58.236,58.236,57.0026,100,0,0
2026-06-23,58.942,58.942,58.942,58.942,57.6937,100,0,0
2026-06-24,59.2,59.2,59.2,59.2,57.9462,100,0,0
2026-06-25,59.222,59.222,59.222,59.222,58.267,100,0.304,0
2026-06-26,59.989,59.989,59.989,59.989,59.0216,100,0,0
2026-06-29,59.957,59.957,59.957,59.957,58.9901,100,0,0
2026-06-30,59.441,59.441,59.441,59.441,58.4824,100,0,0
2026-07-01,59.661,59.661,59.661,59.661,58.6989,200,0,0
2026-07-02,60.339,60.339,60.339,60.339,59.366,100,0,0
2026-07-06,59.881,59.881,59.881,59.881,58.9153,100,0,0
2026-07-07,60.347,60.347,60.347,60.347,59.3738,100,0,0
2026-07-08,59.614,59.614,59.614,59.614,58.6526,100,0,0
2026-07-09,59.756,59.756,59.756,59.756,58.7924,100,0,0
2026-07-10,59.518,59.518,59.518,59.518,58.5582,100,0,0
2026-07-13,59.842,59.842,59.842,59.842,58.877,100,0,0
2026-07-14,59.946,59.946,59.946,59.946,58.9793,200,0,0
2026-07-15,60.075,60.075,60.075,60.075,59.1062,100,0,0
2026-07-16,61.613,61.613,61.613,61.613,60.6194,100,0,0
2026-07-17,61.511,61.511,61.511,61.511,60.5191,100,0,0
2026-07-20,61.149,61.149,61.149,61.149,60.1629,100,0,0
2026-07-21,61.389,61.389,61.389,61.389,60.399,100,0,0
2026-07-22,61.265,61.265,60.983,60.983,59.9996,400,0,0
2026-07-23,60.645,60.645,60.242,60.242,59.5498,700,0.286,0
2026-07-24,61.05,61.05,61.049,61.049,60.3475,1200,0,0
2026-07-27,61.261,61.261,61.261,61.261,60.5571,100,0,0
2026-07-28,61.6,61.6,61.6,61.6,60.8922,200,0,0
2026-07-29,61.621,61.621,61.621,61.621,60.913,100,0,0
2026-07-30,60.781,60.781,60.781,60.781,60.0826,100,0,0
2026-07-31,60.42,60.46,60.35,60.35,59.6566,1100,0,0
2026-08-03,60.387,60.387,60.387,60.387,59.6931,100,0,0
2026-08-04,59.91,59.91,59.91,59.91,59.2216,100,0,0
2026-08-05,59.78,59.896,59.78,59.896,59.2078,400,0,0
2026-08-06,59.77,59.77,59.364,59.364,58.6819,200,0,0
2026-08-07,59.707,59.707,59.707,59.707,59.0209,100,0,0
2026-08-10,58.746,58.746,58.746,58.746,58.071,100,0,0
2026-08-11,58.367,58.367,58.367,58.367,57.6963,100,0,0
2026-08-12,58.522,58.668,58.522,58.586,57.9128,700,0,0
2026-08-13,59.01,59.01,59.01,59.01,58.332,200,0,0
2026-08-14,58.981,58.981,58.981,58.981,58.3033,100,0,0
2026-08-17,58.51,58.51,58.51,58.51,57.8377,100,0,0
2026-08-18,58.93,58.93,58.423,58.423,57.7517,300,0,0
2026-08-19,59.173,59.173,59.173,59.173,58.4931,100,0,0
2026-08-20,59.272,59.272,59.272,59.272,58.5909,100,0,0
2026-08-21,59.188,59.188,59.188,59.188,58.5079,100,0,0
2026-08-24,59.52,59.61,59.475,59.607,58.9221,700,0,0
2026-08-25,59.604,59.604,59.604,59.604,58.9191,100,0,0
2026-08-26,59.248,59.248,59.248,59.248,58.5672,100,0,0
2026-08-27,58.53,58.53,58.485,58.485,58.1299,600,0.323,0
2026-08-28,58.225,58.225,58.225,58.225,57.8715,100,0,0
2026-08-31,57.8,57.8,57.738,57.738,57.3874,200,0,0
2026-09-01,57.88,57.88,57.684,57.684,57.3338,100,0,0
2026-09-02,57.998,57.998,57.998,57.998,57.6458,100,0,0
2026-09-03,57.978,57.978,57.978,57.978,57.626,100,0,0
2026-09-04,57.814,57.814,57.814,57.814,57.463,200,0,0
2026-09-08,57.483,57.483,57.483,57.483,57.134,100,0,0
2026-09-09,56.976,56.976,56.976,56.976,56.6301,100,0,0
2026-09-10,56.73,56.73,56.631,56.631,56.2871,200,0,0
2026-09-11,56.965,56.965,56.965,56.965,56.6191,200,0,0
2026-09-14,57.135,57.135,57.135,57.135,56.7881,100,0,0
2026-09-15,56.859,56.859,56.859,56.859,56.5138,100,0,0
2026-09-16,56.454,56.454,56.454,56.454,56.1112,100,0,0
2026-09-17,56.717,56.717,56.717,56.717,56.3726,100,0,0
2026-09-18,56.207,56.207,56.207,56.207,55.8657,100,0,0
2026-09-21,56.54,56.563,56.54,56.563,56.2196,200,0,0
2026-09-22,56.505,56.505,56.505,56.505,56.1619,100,0,0
2026-09-23,55.667,55.667,55.667,55.667,55.329,100,0,0
2026-09-24,55.19,55.19,55.127,55.127,55.127,400,0.338,0
2026-09-25,55.23,55.23,55.23,55.23,55.23,100,0,0
2026-09-28,54.907,54.907,54.907,54.907,54.907,100,0,0
2026-09-29,54.9,54.9,54.865,54.865,54.865,100,0,0
2026-09-30,54.523,54.523,54.523,54.523,54.523,100,0,0
2026-10-01,54.113,54.113,54.113,54.113,54.113,100,0,0
2026-10-02,54.341,54.341,54.341,54.341,54.341,100,0,0
2026-10-05,54.59,54.59,54.025,54.025,54.025,600,0,0
2026-10-06,54.222,54.222,54.222,54.222,54.222,100,0,0
